<?xml version="1.0" encoding="utf-8"?>
<HotfixInstallationInfo xmlns:xsd="http://www.w3.org/2001/XMLSchema" xmlns:xsi="http://www.w3.org/2001/XMLSchema-instance">
  <Name>16cea67b-b558-4b1f-98bb-c1df6cd1978c</Name>
  <Description>Deployable package created from automated build</Description>
  <InstallationDateTime>0001-01-01T00:00:00</InstallationDateTime>
  <InstallationInfoFilePath>C:\Users\VssAdministrator\AppData\Local\Temp\tmp6D10.tmp\HotfixInstallationInfo.xml</InstallationInfoFilePath>
  <Version />
  <Publisher>Non-Microsoft</Publisher>
  <GeneratedFromAXMetadata>false</GeneratedFromAXMetadata>
  <Type>ApplicationPackage</Type>
  <IncludedDeployablePackages />
  <ServiceModelList />
  <OtherComponentList />
  <MetadataModuleRelease>Update37</MetadataModuleRelease>
  <MetadataModuleList>
    <string>agc_diagnostics.20.11.3.1</string>
  </MetadataModuleList>
  <MetadataModelList />
  <PlatformReleaseDisplayName>Update37</PlatformReleaseDisplayName>
  <PlatformVersion>7.0.5746.35600</PlatformVersion>
  <IsCompatibleWithSealedRelease>true</IsCompatibleWithSealedRelease>
  <IsCompatibleWithApp81PlusRelease>true</IsCompatibleWithApp81PlusRelease>
  <AllComponentList>
    <ArrayOfString>
      <string>AX Module</string>
      <string>agc_diagnostics.20.11.3.1</string>
    </ArrayOfString>
  </AllComponentList>
</HotfixInstallationInfo>